name,price,image,rating,sale,hot,new,lowStock,category,stock,description,specifications,shippingInfo,returnInfo,faqs,thumbnails
Diverse 24/7 paradigm,61.62,https://picsum.photos/id/41/300,1,70% Off,True,False,True,Clearance,44,Analysis loss space office concern. All too toward energy red sit social. Model large and method easy.,Kitchen ten experience security head president.,Ships in 2–5 business days.,30-day return policy,"For more help, contact our support team.","[""https://picsum.photos/id/41/200"", ""https://picsum.photos/id/42/200"", ""https://picsum.photos/id/43/200""]"
Down-sized well-modulated archive,93.17,https://picsum.photos/id/283/300,3,57% Off,False,False,False,Travel Gear,42,Break value require hope daughter crime matter. Director trial stock fly hot.,Relate gas score during along shake Democrat.,Ships in 2–5 business days.,30-day return policy,"For more help, contact our support team.","[""https://picsum.photos/id/283/200""]"
Versatile even-keeled support,527.44,https://picsum.photos/id/559/300,1,60% Off,False,True,True,Baby Products,14,Win institution per door movement morning. Actually draw become modern bad rest term.,Network in source structure or.,Ships in 2–5 business days.,30-day return policy,"For more help, contact our support team.","[""https://picsum.photos/id/559/200"", ""https://picsum.photos/id/560/200""]"
Polarized upward-trending throughput,73.64,https://picsum.photos/id/708/300,3,28% Off,True,True,True,Budget Friendly,83,While theory it difficult tend. Accept group society thousand.,Thought international until peace movie ok small.,Ships in 2–5 business days.,30-day return policy,"For more help, contact our support team.","[""https://picsum.photos/id/708/200""]"
Right-sized well-modulated infrastructure,431.91,https://picsum.photos/id/121/300,5,34% Off,False,True,True,Party Supplies,42,Respond bag to edge meeting blue note. Surface southern factor mean study hand agent. Order age accept reflect five officer.,This myself store medical.,Ships in 2–5 business days.,30-day return policy,"For more help, contact our support team.","[""https://picsum.photos/id/121/200"", ""https://picsum.photos/id/122/200"", ""https://picsum.photos/id/123/200"", ""https://picsum.photos/id/124/200""]"
Synergized mission-critical intranet,831.82,https://picsum.photos/id/10/300,2,66% Off,True,False,True,Best Sellers,71,Away three around you fill.,Painting throw most can produce.,Ships in 2–5 business days.,30-day return policy,"For more help, contact our support team.","[""https://picsum.photos/id/10/200"", ""https://picsum.photos/id/11/200"", ""https://picsum.photos/id/12/200""]"
Exclusive directional product,637.15,https://picsum.photos/id/66/300,5,25% Off,True,True,True,Clearance,4,Realize low election move exactly defense. Big culture day gas stage their every.,Official story treat environmental.,Ships in 2–5 business days.,30-day return policy,"For more help, contact our support team.","[""https://picsum.photos/id/66/200"", ""https://picsum.photos/id/67/200"", ""https://picsum.photos/id/68/200"", ""https://picsum.photos/id/69/200""]"
Programmable bandwidth-monitored secured line,665.18,https://picsum.photos/id/373/300,1,27% Off,False,False,False,Automotive,8,Face still kitchen medical point people wonder thus. Find none sea these. Ground leave specific subject share report. Low share family phone defense bad recent.,Old soldier spring executive hold film hard most.,Ships in 2–5 business days.,30-day return policy,"For more help, contact our support team.","[""https://picsum.photos/id/373/200"", ""https://picsum.photos/id/374/200"", ""https://picsum.photos/id/375/200""]"
Reverse-engineered fault-tolerant strategy,265.81,https://picsum.photos/id/58/300,1,18% Off,False,True,True,On Sale,51,Computer specific nice. See under huge at whom down. Knowledge million system although example debate onto.,Himself himself study.,Ships in 2–5 business days.,30-day return policy,"For more help, contact our support team.","[""https://picsum.photos/id/58/200"", ""https://picsum.photos/id/59/200"", ""https://picsum.photos/id/60/200"", ""https://picsum.photos/id/61/200""]"
User-centric object-oriented model,474.76,https://picsum.photos/id/930/300,3,22% Off,False,False,False,Limited Edition,97,These blue reason address poor last. Might process central buy study. Begin mention you.,They sit enjoy assume rich social wife.,Ships in 2–5 business days.,30-day return policy,"For more help, contact our support team.","[""https://picsum.photos/id/930/200"", ""https://picsum.photos/id/931/200"", ""https://picsum.photos/id/932/200"", ""https://picsum.photos/id/933/200""]"
Devolved tertiary functionalities,896.07,https://picsum.photos/id/240/300,5,31% Off,False,True,False,Party Supplies,52,Mean factor boy. Effect least walk building owner other computer. Catch other reveal measure week easy.,Source do seven race somebody.,Ships in 2–5 business days.,30-day return policy,"For more help, contact our support team.","[""https://picsum.photos/id/240/200"", ""https://picsum.photos/id/241/200""]"
Persevering value-added synergy,331.26,https://picsum.photos/id/510/300,1,29% Off,True,True,False,Seasonal,59,Type mind politics consider. Bring benefit social special blue TV.,Environment society be discussion condition.,Ships in 2–5 business days.,30-day return policy,"For more help, contact our support team.","[""https://picsum.photos/id/510/200"", ""https://picsum.photos/id/511/200"", ""https://picsum.photos/id/512/200""]"
Multi-tiered full-range support,286.4,https://picsum.photos/id/394/300,3,69% Off,False,True,True,Limited Edition,92,Outside pressure space Congress standard prevent impact.,Night interesting after individual security job.,Ships in 2–5 business days.,30-day return policy,"For more help, contact our support team.","[""https://picsum.photos/id/394/200"", ""https://picsum.photos/id/395/200""]"
Sharable global Internet solution,632.64,https://picsum.photos/id/737/300,3,22% Off,False,False,False,New Arrivals,33,Really final himself knowledge story. Forget beautiful one plant follow. Weight even nature could.,Age campaign require hold action major.,Ships in 2–5 business days.,30-day return policy,"For more help, contact our support team.","[""https://picsum.photos/id/737/200"", ""https://picsum.photos/id/738/200"", ""https://picsum.photos/id/739/200"", ""https://picsum.photos/id/740/200""]"
Networked zero administration success,427.85,https://picsum.photos/id/650/300,1,61% Off,True,False,True,Craft Supplies,56,Wear party single child. World state always outside manage. Might do such situation total state threat.,Fact change why turn just chair.,Ships in 2–5 business days.,30-day return policy,"For more help, contact our support team.","[""https://picsum.photos/id/650/200"", ""https://picsum.photos/id/651/200"", ""https://picsum.photos/id/652/200""]"
Seamless even-keeled implementation,68.93,https://picsum.photos/id/311/300,4,59% Off,False,True,False,Best Sellers,25,Head write mission follow reflect seven into. Man which end.,Bar cut mouth author prepare left total.,Ships in 2–5 business days.,30-day return policy,"For more help, contact our support team.","[""https://picsum.photos/id/311/200"", ""https://picsum.photos/id/312/200""]"
Realigned object-oriented groupware,573.63,https://picsum.photos/id/93/300,2,14% Off,False,False,False,Budget Friendly,38,Production daughter how word deep range.,Beautiful race agree boy decide.,Ships in 2–5 business days.,30-day return policy,"For more help, contact our support team.","[""https://picsum.photos/id/93/200""]"
Polarized regional hierarchy,759.13,https://picsum.photos/id/574/300,3,52% Off,True,False,True,Automotive,32,Only if organization writer. Reach action blue theory property vote.,Cover between use continue tell environmental.,Ships in 2–5 business days.,30-day return policy,"For more help, contact our support team.","[""https://picsum.photos/id/574/200"", ""https://picsum.photos/id/575/200"", ""https://picsum.photos/id/576/200"", ""https://picsum.photos/id/577/200""]"
Re-contextualized zero administration challenge,723.43,https://picsum.photos/id/214/300,3,13% Off,False,True,True,Home Decor,34,Reach as million again always. Tax prepare heart heart office serious. Country should occur say store head outside.,Win candidate moment reach sea.,Ships in 2–5 business days.,30-day return policy,"For more help, contact our support team.","[""https://picsum.photos/id/214/200"", ""https://picsum.photos/id/215/200"", ""https://picsum.photos/id/216/200"", ""https://picsum.photos/id/217/200""]"
Robust background application,393.37,https://picsum.photos/id/333/300,1,20% Off,True,True,False,Trending,55,Structure ten strong fast interesting many. Should none but section ask who garden.,Various then whatever home military.,Ships in 2–5 business days.,30-day return policy,"For more help, contact our support team.","[""https://picsum.photos/id/333/200""]"
Optimized systematic emulation,344.02,https://picsum.photos/id/922/300,2,34% Off,False,False,False,Stationery,1,Hope future take medical cell speak try. Have identify page note science both. Paper low produce music young.,Concern news light where night decide response.,Ships in 2–5 business days.,30-day return policy,"For more help, contact our support team.","[""https://picsum.photos/id/922/200""]"
Customizable bottom-line ability,417.49,https://picsum.photos/id/890/300,2,24% Off,False,False,True,Gift Ideas,56,Same very before form remember traditional. Understand really painting exist generation require. Hospital west line expert turn up.,Bed guess use law skill people leg.,Ships in 2–5 business days.,30-day return policy,"For more help, contact our support team.","[""https://picsum.photos/id/890/200"", ""https://picsum.photos/id/891/200""]"
Focused leadingedge matrix,702.48,https://picsum.photos/id/736/300,3,37% Off,True,False,False,Electronics,37,Friend various study kind. Serious try people thank.,Quite police side evening like.,Ships in 2–5 business days.,30-day return policy,"For more help, contact our support team.","[""https://picsum.photos/id/736/200"", ""https://picsum.photos/id/737/200"", ""https://picsum.photos/id/738/200"", ""https://picsum.photos/id/739/200""]"
Distributed well-modulated success,345.04,https://picsum.photos/id/986/300,1,37% Off,False,False,True,Food,97,Skill line account ago rock next. Prepare option to appear bit run. Usually this finish evidence hold responsibility.,As view purpose hour training.,Ships in 2–5 business days.,30-day return policy,"For more help, contact our support team.","[""https://picsum.photos/id/986/200"", ""https://picsum.photos/id/987/200""]"
Polarized composite pricing structure,599.51,https://picsum.photos/id/889/300,1,63% Off,True,True,True,Customer Favorites,93,Herself choice walk gun. Do right assume southern meet civil. Spring minute policy power cause. Charge senior ready partner vote.,Fly water upon teacher success service.,Ships in 2–5 business days.,30-day return policy,"For more help, contact our support team.","[""https://picsum.photos/id/889/200"", ""https://picsum.photos/id/890/200"", ""https://picsum.photos/id/891/200"", ""https://picsum.photos/id/892/200""]"
Public-key client-server throughput,600.47,https://picsum.photos/id/258/300,4,12% Off,True,True,True,Clothing,1,Instead employee plan theory event major those. Far ten those these.,Watch available dream wide recent thus commercial available.,Ships in 2–5 business days.,30-day return policy,"For more help, contact our support team.","[""https://picsum.photos/id/258/200"", ""https://picsum.photos/id/259/200"", ""https://picsum.photos/id/260/200""]"
Polarized value-added application,905.33,https://picsum.photos/id/181/300,2,16% Off,False,False,True,Latest,53,Election western change low door Mrs try. Firm writer next.,Three feeling research important laugh.,Ships in 2–5 business days.,30-day return policy,"For more help, contact our support team.","[""https://picsum.photos/id/181/200""]"
Re-contextualized bottom-line budgetary management,316.93,https://picsum.photos/id/912/300,1,68% Off,True,True,True,Garden & Outdoor,80,Claim however network practice. Physical American bag similar reality role. Rate consumer send a.,Gas pull member language effort.,Ships in 2–5 business days.,30-day return policy,"For more help, contact our support team.","[""https://picsum.photos/id/912/200"", ""https://picsum.photos/id/913/200"", ""https://picsum.photos/id/914/200""]"
Quality-focused asymmetric website,423.28,https://picsum.photos/id/159/300,5,55% Off,False,True,False,Seasonal,2,Attorney commercial stand far represent defense degree its. Music week response rest page. Require available my dark.,Apply teacher while young perhaps.,Ships in 2–5 business days.,30-day return policy,"For more help, contact our support team.","[""https://picsum.photos/id/159/200"", ""https://picsum.photos/id/160/200"", ""https://picsum.photos/id/161/200"", ""https://picsum.photos/id/162/200""]"
Multi-channeled heuristic capacity,386.14,https://picsum.photos/id/479/300,5,14% Off,True,False,False,Automotive,32,Far whether consumer. Push their evening gas.,About prevent wear think.,Ships in 2–5 business days.,30-day return policy,"For more help, contact our support team.","[""https://picsum.photos/id/479/200"", ""https://picsum.photos/id/480/200"", ""https://picsum.photos/id/481/200""]"
Digitized optimal model,90.31,https://picsum.photos/id/975/300,2,31% Off,True,False,False,Home Decor,67,Company person base control. Dream among computer green.,Citizen significant true attack act kind.,Ships in 2–5 business days.,30-day return policy,"For more help, contact our support team.","[""https://picsum.photos/id/975/200"", ""https://picsum.photos/id/976/200"", ""https://picsum.photos/id/977/200""]"
Organic heuristic pricing structure,673.17,https://picsum.photos/id/778/300,4,44% Off,True,False,False,Accessories,59,Fear bad television theory now early others. Arm east trouble must audience population later give.,Main whose article add sign.,Ships in 2–5 business days.,30-day return policy,"For more help, contact our support team.","[""https://picsum.photos/id/778/200"", ""https://picsum.photos/id/779/200""]"
Fully-configurable 3rdgeneration definition,521.46,https://picsum.photos/id/994/300,5,32% Off,True,False,True,Beauty,89,Trouble bring behind either. Century own decade development into sometimes magazine success. Loss since despite operation conference wide part.,Of collection explain common.,Ships in 2–5 business days.,30-day return policy,"For more help, contact our support team.","[""https://picsum.photos/id/994/200"", ""https://picsum.photos/id/995/200"", ""https://picsum.photos/id/996/200"", ""https://picsum.photos/id/997/200""]"
Customer-focused homogeneous complexity,776.17,https://picsum.photos/id/525/300,4,26% Off,True,True,False,Baby Products,100,Everything support protect per movement. Modern finally method it marriage enter key present. Everyone role material class.,Again marriage with deep they ahead imagine product.,Ships in 2–5 business days.,30-day return policy,"For more help, contact our support team.","[""https://picsum.photos/id/525/200""]"
Object-based didactic Graphic Interface,686.35,https://picsum.photos/id/113/300,3,58% Off,True,True,True,Clearance,49,Mean large benefit. Same our writer discover see support try. Across future someone hour.,Account college role cultural to political.,Ships in 2–5 business days.,30-day return policy,"For more help, contact our support team.","[""https://picsum.photos/id/113/200""]"
Versatile intermediate collaboration,613.33,https://picsum.photos/id/484/300,4,47% Off,False,False,False,Staff Picks,6,Ten her drive personal like.,Follow laugh believe factor manager white director catch.,Ships in 2–5 business days.,30-day return policy,"For more help, contact our support team.","[""https://picsum.photos/id/484/200"", ""https://picsum.photos/id/485/200"", ""https://picsum.photos/id/486/200"", ""https://picsum.photos/id/487/200""]"
Customer-focused 6thgeneration encryption,664.59,https://picsum.photos/id/816/300,3,54% Off,False,False,True,Craft Supplies,18,Matter fish southern full particularly happen simple. Daughter decide program morning window send.,Thus sit specific effect.,Ships in 2–5 business days.,30-day return policy,"For more help, contact our support team.","[""https://picsum.photos/id/816/200"", ""https://picsum.photos/id/817/200"", ""https://picsum.photos/id/818/200""]"
Advanced reciprocal migration,185.6,https://picsum.photos/id/441/300,4,33% Off,False,True,True,Gift Ideas,64,Which show set market send force Democrat. Establish nature bank note reality certain. Indicate thing forget dog story.,Executive officer person indicate.,Ships in 2–5 business days.,30-day return policy,"For more help, contact our support team.","[""https://picsum.photos/id/441/200"", ""https://picsum.photos/id/442/200"", ""https://picsum.photos/id/443/200""]"
Quality-focused demand-driven matrices,704.2,https://picsum.photos/id/458/300,2,49% Off,True,True,True,Sports & Outdoors,47,Return least since. Produce police kind see look father. Yes animal probably social which read production article.,Wonder cold shoulder picture set artist.,Ships in 2–5 business days.,30-day return policy,"For more help, contact our support team.","[""https://picsum.photos/id/458/200""]"
Decentralized multi-state Graphical User Interface,639.96,https://picsum.photos/id/421/300,1,46% Off,False,True,False,Garden & Outdoor,96,Congress low enter assume history surface report. They trouble section coach. Father director point woman seven.,Several answer create reveal drive democratic learn represent.,Ships in 2–5 business days.,30-day return policy,"For more help, contact our support team.","[""https://picsum.photos/id/421/200""]"
Synergized contextually-based concept,244.28,https://picsum.photos/id/173/300,4,31% Off,False,False,False,Clothing,20,Hear truth live together fast member. Place answer send create by ago receive.,Science do realize unit.,Ships in 2–5 business days.,30-day return policy,"For more help, contact our support team.","[""https://picsum.photos/id/173/200"", ""https://picsum.photos/id/174/200"", ""https://picsum.photos/id/175/200"", ""https://picsum.photos/id/176/200""]"
Implemented zero tolerance initiative,473.49,https://picsum.photos/id/434/300,1,42% Off,False,False,False,Footwear,14,Rule compare rate job space. Oil thousand movement.,Whole from effort speech.,Ships in 2–5 business days.,30-day return policy,"For more help, contact our support team.","[""https://picsum.photos/id/434/200"", ""https://picsum.photos/id/435/200""]"
Self-enabling stable function,314.88,https://picsum.photos/id/512/300,4,52% Off,False,True,True,Featured Products,32,Natural financial story image seat. Worker daughter later. Question partner prepare first south face behind.,All they community second bank.,Ships in 2–5 business days.,30-day return policy,"For more help, contact our support team.","[""https://picsum.photos/id/512/200""]"
Right-sized optimal architecture,895.18,https://picsum.photos/id/664/300,4,44% Off,True,False,True,Automotive,1,West instead push amount strong section cold. Happy water your morning cold bar near dark. Politics effect national benefit late.,Behind east less debate lead discover risk.,Ships in 2–5 business days.,30-day return policy,"For more help, contact our support team.","[""https://picsum.photos/id/664/200"", ""https://picsum.photos/id/665/200"", ""https://picsum.photos/id/666/200""]"
Seamless reciprocal concept,990.55,https://picsum.photos/id/91/300,5,44% Off,True,True,True,Food,9,Old front where imagine. Probably important pass write they political north.,Add yard tonight finally cell without plant.,Ships in 2–5 business days.,30-day return policy,"For more help, contact our support team.","[""https://picsum.photos/id/91/200"", ""https://picsum.photos/id/92/200"", ""https://picsum.photos/id/93/200""]"
Multi-layered multimedia process improvement,395.63,https://picsum.photos/id/238/300,1,12% Off,False,True,False,Party Supplies,55,Do issue including know. Crime trip bed yes.,Capital poor something early pressure there.,Ships in 2–5 business days.,30-day return policy,"For more help, contact our support team.","[""https://picsum.photos/id/238/200"", ""https://picsum.photos/id/239/200""]"
Assimilated dedicated contingency,480.05,https://picsum.photos/id/749/300,5,67% Off,False,True,False,Kitchen Wares,86,Growth cut visit. Available morning on hit.,Society trade long number science only.,Ships in 2–5 business days.,30-day return policy,"For more help, contact our support team.","[""https://picsum.photos/id/749/200"", ""https://picsum.photos/id/750/200"", ""https://picsum.photos/id/751/200"", ""https://picsum.photos/id/752/200""]"
Networked leadingedge focus group,657.57,https://picsum.photos/id/104/300,1,32% Off,True,False,False,Accessories,47,Their indeed dinner concern clear history class. Part doctor into individual next per.,Or wide actually girl.,Ships in 2–5 business days.,30-day return policy,"For more help, contact our support team.","[""https://picsum.photos/id/104/200"", ""https://picsum.photos/id/105/200"", ""https://picsum.photos/id/106/200""]"
Multi-lateral fresh-thinking info-mediaries,683.44,https://picsum.photos/id/823/300,2,31% Off,False,True,False,Automotive,50,Fly like option possible him least. Carry range crime however. White last cut send charge participant.,Vote age force key.,Ships in 2–5 business days.,30-day return policy,"For more help, contact our support team.","[""https://picsum.photos/id/823/200"", ""https://picsum.photos/id/824/200"", ""https://picsum.photos/id/825/200"", ""https://picsum.photos/id/826/200""]"
Seamless holistic service-desk,316.78,https://picsum.photos/id/673/300,3,22% Off,True,False,False,Eco-Friendly,91,Wish left population individual majority my. After friend next affect tax. Cup another any third. Strategy never those investment enough nearly.,Dinner floor military certain seek close believe become.,Ships in 2–5 business days.,30-day return policy,"For more help, contact our support team.","[""https://picsum.photos/id/673/200"", ""https://picsum.photos/id/674/200"", ""https://picsum.photos/id/675/200"", ""https://picsum.photos/id/676/200""]"
Open-source leadingedge definition,81.37,https://picsum.photos/id/658/300,4,43% Off,True,True,True,Food,42,Everyone everything because old me. Indeed least defense. Popular young actually few weight down.,Feel financial yeah visit career.,Ships in 2–5 business days.,30-day return policy,"For more help, contact our support team.","[""https://picsum.photos/id/658/200"", ""https://picsum.photos/id/659/200"", ""https://picsum.photos/id/660/200"", ""https://picsum.photos/id/661/200""]"
Innovative motivating neural-net,726.44,https://picsum.photos/id/442/300,1,27% Off,True,False,False,Customer Favorites,28,Prove officer action student environmental charge.,Ball especially close power.,Ships in 2–5 business days.,30-day return policy,"For more help, contact our support team.","[""https://picsum.photos/id/442/200"", ""https://picsum.photos/id/443/200""]"
Profound multi-tasking complexity,295.71,https://picsum.photos/id/123/300,1,42% Off,True,True,True,Toys & Games,66,Chance top than crime party report nothing candidate. Table standard site deep send. Consider college American first mention.,Suffer themselves her blue camera.,Ships in 2–5 business days.,30-day return policy,"For more help, contact our support team.","[""https://picsum.photos/id/123/200"", ""https://picsum.photos/id/124/200""]"
Extended client-driven encoding,931.2,https://picsum.photos/id/742/300,5,35% Off,False,True,False,Baby Products,79,House miss until we order mission. Claim seat lose prepare case kid. Local ever peace foot hotel central their.,Upon modern improve simply huge.,Ships in 2–5 business days.,30-day return policy,"For more help, contact our support team.","[""https://picsum.photos/id/742/200""]"
Face-to-face directional solution,962.1,https://picsum.photos/id/465/300,3,51% Off,False,False,True,Footwear,7,Develop seem open option inside public before probably. Serve letter direction able rise. Bed item thank hour pass seat six.,Marriage off option song per.,Ships in 2–5 business days.,30-day return policy,"For more help, contact our support team.","[""https://picsum.photos/id/465/200""]"
Profit-focused actuating matrix,325.61,https://picsum.photos/id/806/300,4,67% Off,True,True,True,Party Supplies,38,Those position student. City sense box through ball reveal argue. Official tax kitchen.,Plant cell fill will pick writer nearly.,Ships in 2–5 business days.,30-day return policy,"For more help, contact our support team.","[""https://picsum.photos/id/806/200"", ""https://picsum.photos/id/807/200"", ""https://picsum.photos/id/808/200""]"
Optimized context-sensitive matrices,421.62,https://picsum.photos/id/44/300,3,41% Off,True,False,False,Pet Supplies,62,Possible finally else tonight operation. Hair since field choice even local air. Sport police see one so.,Person seat perform heart per play whatever.,Ships in 2–5 business days.,30-day return policy,"For more help, contact our support team.","[""https://picsum.photos/id/44/200"", ""https://picsum.photos/id/45/200""]"
Down-sized local functionalities,585.26,https://picsum.photos/id/717/300,4,12% Off,False,True,True,Featured Products,36,Conference possible exactly language. In accept here price believe fall apply.,Seek seem note point beyond shoulder purpose.,Ships in 2–5 business days.,30-day return policy,"For more help, contact our support team.","[""https://picsum.photos/id/717/200"", ""https://picsum.photos/id/718/200"", ""https://picsum.photos/id/719/200"", ""https://picsum.photos/id/720/200""]"
Ameliorated local model,207.95,https://picsum.photos/id/775/300,1,29% Off,False,True,True,Tech Gadgets,80,Raise travel to on suffer low usually apply. Career itself growth him understand.,Cell drop actually material just.,Ships in 2–5 business days.,30-day return policy,"For more help, contact our support team.","[""https://picsum.photos/id/775/200"", ""https://picsum.photos/id/776/200""]"
Innovative zero-defect parallelism,262.22,https://picsum.photos/id/905/300,1,17% Off,True,True,False,Furniture,59,Practice indeed able. Again coach task catch himself. Drive mission before all industry.,Ready fund very animal manager key forward.,Ships in 2–5 business days.,30-day return policy,"For more help, contact our support team.","[""https://picsum.photos/id/905/200"", ""https://picsum.photos/id/906/200"", ""https://picsum.photos/id/907/200""]"
Persevering intermediate interface,927.22,https://picsum.photos/id/630/300,5,39% Off,False,True,False,Eco-Friendly,6,Now walk decision themselves interesting song establish move. Note for several middle less.,Already recognize just since east rate indeed.,Ships in 2–5 business days.,30-day return policy,"For more help, contact our support team.","[""https://picsum.photos/id/630/200"", ""https://picsum.photos/id/631/200""]"
Distributed exuding orchestration,454.94,https://picsum.photos/id/322/300,3,29% Off,True,False,True,Eco-Friendly,93,Mean big situation beautiful accept. Explain him us wish market.,Hospital about wife pretty kind.,Ships in 2–5 business days.,30-day return policy,"For more help, contact our support team.","[""https://picsum.photos/id/322/200""]"
Open-source intangible ability,94.42,https://picsum.photos/id/333/300,1,46% Off,False,False,True,Automotive,19,Put stock myself according enjoy car major into. Single rest appear parent customer operation mouth.,Often nice involve report other.,Ships in 2–5 business days.,30-day return policy,"For more help, contact our support team.","[""https://picsum.photos/id/333/200"", ""https://picsum.photos/id/334/200""]"
Open-architected grid-enabled access,852.45,https://picsum.photos/id/620/300,4,33% Off,False,True,False,Beauty,29,Kind film air check actually health magazine. Against less allow act film capital movie.,Learn concern food culture himself.,Ships in 2–5 business days.,30-day return policy,"For more help, contact our support team.","[""https://picsum.photos/id/620/200"", ""https://picsum.photos/id/621/200"", ""https://picsum.photos/id/622/200"", ""https://picsum.photos/id/623/200""]"
Decentralized tertiary groupware,445.19,https://picsum.photos/id/639/300,2,22% Off,False,True,False,Luxury,93,Wind member decide. Investment growth challenge form clearly. Yet poor different matter soon understand.,Agent when gun exist.,Ships in 2–5 business days.,30-day return policy,"For more help, contact our support team.","[""https://picsum.photos/id/639/200"", ""https://picsum.photos/id/640/200""]"
Quality-focused solution-oriented pricing structure,230.26,https://picsum.photos/id/692/300,5,18% Off,False,True,False,Garden & Outdoor,74,Available lose report from exactly.,Industry anyone never summer long.,Ships in 2–5 business days.,30-day return policy,"For more help, contact our support team.","[""https://picsum.photos/id/692/200""]"
Business-focused tertiary service-desk,362.39,https://picsum.photos/id/999/300,2,13% Off,True,True,True,Beauty,81,Today take their then hit. But view close. Share north policy explain. Inside if bed meet.,Great improve health use.,Ships in 2–5 business days.,30-day return policy,"For more help, contact our support team.","[""https://picsum.photos/id/999/200"", ""https://picsum.photos/id/1000/200"", ""https://picsum.photos/id/1001/200""]"
Open-source regional framework,980.58,https://picsum.photos/id/838/300,5,11% Off,True,True,False,Health & Wellness,96,Example determine ago source add lead training. Role improve soldier physical many. To now record set write discussion able.,Toward item else hot fear fall.,Ships in 2–5 business days.,30-day return policy,"For more help, contact our support team.","[""https://picsum.photos/id/838/200"", ""https://picsum.photos/id/839/200""]"
Focused clear-thinking strategy,662.61,https://picsum.photos/id/214/300,3,24% Off,False,False,False,Budget Friendly,35,General task movement hand small into outside. Few court always stage impact country. Military west side executive.,Join through cell note organization.,Ships in 2–5 business days.,30-day return policy,"For more help, contact our support team.","[""https://picsum.photos/id/214/200"", ""https://picsum.photos/id/215/200""]"
Inverse bandwidth-monitored definition,294.68,https://picsum.photos/id/718/300,4,51% Off,False,False,True,Staff Picks,26,Success various college position. Field quickly according product international. Event unit even southern citizen so describe pass.,Act worry peace one significant.,Ships in 2–5 business days.,30-day return policy,"For more help, contact our support team.","[""https://picsum.photos/id/718/200"", ""https://picsum.photos/id/719/200""]"
Future-proofed 5thgeneration groupware,897.77,https://picsum.photos/id/636/300,1,23% Off,True,True,True,Seasonal,98,Those computer professor degree eat.,Modern leg social boy.,Ships in 2–5 business days.,30-day return policy,"For more help, contact our support team.","[""https://picsum.photos/id/636/200"", ""https://picsum.photos/id/637/200"", ""https://picsum.photos/id/638/200""]"
Self-enabling 24hour instruction set,276.11,https://picsum.photos/id/894/300,4,65% Off,True,True,True,Beauty,15,Record poor his their apply check. Rate benefit approach defense student.,Network front shoulder amount reason better.,Ships in 2–5 business days.,30-day return policy,"For more help, contact our support team.","[""https://picsum.photos/id/894/200"", ""https://picsum.photos/id/895/200""]"
Front-line methodical Internet solution,602.99,https://picsum.photos/id/185/300,5,16% Off,True,True,False,Baby Products,83,Together company religious admit I rather know. Least air describe instead central environment. Race none base team guess TV rise.,Son middle security fish new which can.,Ships in 2–5 business days.,30-day return policy,"For more help, contact our support team.","[""https://picsum.photos/id/185/200"", ""https://picsum.photos/id/186/200"", ""https://picsum.photos/id/187/200""]"
Distributed encompassing interface,848.06,https://picsum.photos/id/870/300,5,50% Off,True,True,False,Sports & Outdoors,84,Decision table minute reduce through decade. Simply trial rich. Sometimes notice in account as charge story professional.,Clear paper recognize.,Ships in 2–5 business days.,30-day return policy,"For more help, contact our support team.","[""https://picsum.photos/id/870/200"", ""https://picsum.photos/id/871/200"", ""https://picsum.photos/id/872/200""]"
Exclusive bandwidth-monitored help-desk,595.84,https://picsum.photos/id/623/300,2,28% Off,True,False,False,Trending,83,Less Democrat happen fear too everything. Morning record blood dog far space.,Plant can develop painting commercial enough back.,Ships in 2–5 business days.,30-day return policy,"For more help, contact our support team.","[""https://picsum.photos/id/623/200""]"
Future-proofed 5thgeneration emulation,785.26,https://picsum.photos/id/119/300,1,67% Off,True,True,False,New Arrivals,100,Real strategy bar read moment trade. Go process plan cause necessary growth.,Sea increase phone available require discussion culture.,Ships in 2–5 business days.,30-day return policy,"For more help, contact our support team.","[""https://picsum.photos/id/119/200"", ""https://picsum.photos/id/120/200"", ""https://picsum.photos/id/121/200""]"
Re-engineered asymmetric Graphic Interface,121.06,https://picsum.photos/id/594/300,1,68% Off,True,False,True,Footwear,16,Knowledge anything decade.,Drop rule again peace author.,Ships in 2–5 business days.,30-day return policy,"For more help, contact our support team.","[""https://picsum.photos/id/594/200"", ""https://picsum.photos/id/595/200"", ""https://picsum.photos/id/596/200"", ""https://picsum.photos/id/597/200""]"
Synchronized 6thgeneration firmware,240.04,https://picsum.photos/id/820/300,1,16% Off,False,True,False,Accessories,73,Dream wonder character their other market. Girl she quickly scientist parent lose. To smile education yet large. Through human ago sound.,Expert final talk while beautiful visit financial.,Ships in 2–5 business days.,30-day return policy,"For more help, contact our support team.","[""https://picsum.photos/id/820/200""]"
Phased value-added benchmark,232.74,https://picsum.photos/id/656/300,1,49% Off,False,False,False,New Arrivals,2,Hit owner arm wind. Blood address bring consumer. President performance speak instead near fund.,Between law event available miss level.,Ships in 2–5 business days.,30-day return policy,"For more help, contact our support team.","[""https://picsum.photos/id/656/200"", ""https://picsum.photos/id/657/200""]"
Streamlined systemic paradigm,638.76,https://picsum.photos/id/641/300,2,57% Off,True,True,False,Electronics,12,Success surface western painting boy argue total. Design trial manager left rise candidate. Rule dark fight. Wear or answer deep.,Today knowledge growth both same study real member.,Ships in 2–5 business days.,30-day return policy,"For more help, contact our support team.","[""https://picsum.photos/id/641/200"", ""https://picsum.photos/id/642/200"", ""https://picsum.photos/id/643/200""]"
Future-proofed encompassing moratorium,903.34,https://picsum.photos/id/2/300,5,37% Off,True,False,False,Party Supplies,8,Low measure just for free reality. Find bring head include marriage. Hold ever what.,Available make tonight seem trouble south try environmental.,Ships in 2–5 business days.,30-day return policy,"For more help, contact our support team.","[""https://picsum.photos/id/2/200""]"
Pre-emptive upward-trending ability,906.79,https://picsum.photos/id/951/300,3,57% Off,False,False,False,Seasonal,33,Minute home south election raise tonight week everyone. Receive special send ten international international.,Offer benefit few wife account civil decade.,Ships in 2–5 business days.,30-day return policy,"For more help, contact our support team.","[""https://picsum.photos/id/951/200"", ""https://picsum.photos/id/952/200"", ""https://picsum.photos/id/953/200""]"
Digitized value-added info-mediaries,98.58,https://picsum.photos/id/636/300,4,70% Off,False,True,False,New Arrivals,72,Agree note water hold. Catch suffer action subject occur.,Its story but something generation.,Ships in 2–5 business days.,30-day return policy,"For more help, contact our support team.","[""https://picsum.photos/id/636/200"", ""https://picsum.photos/id/637/200""]"
Digitized dynamic protocol,134.02,https://picsum.photos/id/495/300,4,31% Off,True,False,False,Food,74,Crime rich speak think ball suddenly indeed. Measure too fall degree allow camera building.,Here guess visit grow.,Ships in 2–5 business days.,30-day return policy,"For more help, contact our support team.","[""https://picsum.photos/id/495/200""]"
Balanced solution-oriented core,501.41,https://picsum.photos/id/234/300,4,35% Off,False,False,True,Kitchen Wares,97,Chance under east position green seven. Local song behind. Evidence across very fill.,Marriage form including enjoy.,Ships in 2–5 business days.,30-day return policy,"For more help, contact our support team.","[""https://picsum.photos/id/234/200"", ""https://picsum.photos/id/235/200""]"
De-engineered web-enabled alliance,440.96,https://picsum.photos/id/995/300,4,17% Off,False,True,True,Food,94,Off score buy employee. Two probably clear everybody generation yeah.,Sister many loss up.,Ships in 2–5 business days.,30-day return policy,"For more help, contact our support team.","[""https://picsum.photos/id/995/200"", ""https://picsum.photos/id/996/200"", ""https://picsum.photos/id/997/200"", ""https://picsum.photos/id/998/200""]"
Focused eco-centric benchmark,255.84,https://picsum.photos/id/790/300,5,44% Off,True,False,False,Books,90,Former old should another mouth. Soon discuss town. Fine our spring common wall laugh size.,Agreement behavior strategy size institution.,Ships in 2–5 business days.,30-day return policy,"For more help, contact our support team.","[""https://picsum.photos/id/790/200"", ""https://picsum.photos/id/791/200"", ""https://picsum.photos/id/792/200"", ""https://picsum.photos/id/793/200""]"
Innovative responsive groupware,222.06,https://picsum.photos/id/891/300,2,27% Off,True,False,False,Budget Friendly,39,Same each benefit perform. Catch energy learn book drive. Choice alone treatment look standard several remain.,Interest discussion agreement.,Ships in 2–5 business days.,30-day return policy,"For more help, contact our support team.","[""https://picsum.photos/id/891/200"", ""https://picsum.photos/id/892/200""]"
Persevering multimedia instruction set,987.23,https://picsum.photos/id/320/300,5,54% Off,True,False,True,Health & Wellness,58,Strategy watch physical peace. American big network win woman. Between marriage class Mr give bar.,Discussion show here necessary able clear.,Ships in 2–5 business days.,30-day return policy,"For more help, contact our support team.","[""https://picsum.photos/id/320/200"", ""https://picsum.photos/id/321/200"", ""https://picsum.photos/id/322/200""]"
Innovative 5thgeneration forecast,294.53,https://picsum.photos/id/260/300,2,54% Off,False,True,False,Baby Products,34,Way political personal half. Issue body late. Such travel shoulder civil upon until. In head than true capital conference develop real.,Discussion government hundred key measure.,Ships in 2–5 business days.,30-day return policy,"For more help, contact our support team.","[""https://picsum.photos/id/260/200"", ""https://picsum.photos/id/261/200"", ""https://picsum.photos/id/262/200""]"
Mandatory coherent projection,156.95,https://picsum.photos/id/568/300,4,58% Off,False,True,False,Baby Products,92,Once simple center poor challenge. More guy story. Authority such marriage move.,Role seat human easy.,Ships in 2–5 business days.,30-day return policy,"For more help, contact our support team.","[""https://picsum.photos/id/568/200""]"
Programmable neutral throughput,644.2,https://picsum.photos/id/6/300,3,64% Off,False,True,True,Trending,51,Central special nature short paper modern. Attention Republican may center care military kitchen. Minute camera data mother throw visit. Some significant agreement finally research guess who Mr.,Offer happen color president factor student.,Ships in 2–5 business days.,30-day return policy,"For more help, contact our support team.","[""https://picsum.photos/id/6/200"", ""https://picsum.photos/id/7/200"", ""https://picsum.photos/id/8/200"", ""https://picsum.photos/id/9/200""]"
Centralized encompassing emulation,996.99,https://picsum.photos/id/268/300,1,10% Off,True,True,True,Home Decor,99,Scene himself mind level participant lose response. Sometimes night home base pretty.,Help kitchen baby there national project cold.,Ships in 2–5 business days.,30-day return policy,"For more help, contact our support team.","[""https://picsum.photos/id/268/200""]"
Persistent content-based orchestration,15.92,https://picsum.photos/id/899/300,2,54% Off,True,True,True,Craft Supplies,4,East which wish foreign in with party. Yet indeed television.,Argue look moment gas either officer.,Ships in 2–5 business days.,30-day return policy,"For more help, contact our support team.","[""https://picsum.photos/id/899/200""]"
Cross-platform empowering definition,155.19,https://picsum.photos/id/146/300,1,57% Off,False,True,False,Kitchen Wares,38,Ability risk buy worry above news quickly. Tell eight senior green quickly market where. Nor list enough citizen successful education letter.,Either find policy blue.,Ships in 2–5 business days.,30-day return policy,"For more help, contact our support team.","[""https://picsum.photos/id/146/200""]"
Quality-focused foreground instruction set,483.51,https://picsum.photos/id/335/300,1,60% Off,False,False,False,Staff Picks,45,Last couple require sell west. Charge sister everyone peace staff senior skill. Sign green coach provide word.,Exist form task option long citizen now.,Ships in 2–5 business days.,30-day return policy,"For more help, contact our support team.","[""https://picsum.photos/id/335/200"", ""https://picsum.photos/id/336/200""]"
Centralized intermediate complexity,864.22,https://picsum.photos/id/567/300,1,50% Off,True,False,True,Limited Edition,70,There hospital behavior boy probably learn home whom. Computer old even year performance. Let media leave responsibility.,Mission write organization very.,Ships in 2–5 business days.,30-day return policy,"For more help, contact our support team.","[""https://picsum.photos/id/567/200"", ""https://picsum.photos/id/568/200""]"
Persevering multi-state knowledgebase,419.05,https://picsum.photos/id/905/300,5,35% Off,False,True,False,Party Supplies,15,Language process nothing past over specific of. Attention Republican last table land under cultural. Edge discussion what leader. Drop charge high event appear possible day.,Much capital body out industry.,Ships in 2–5 business days.,30-day return policy,"For more help, contact our support team.","[""https://picsum.photos/id/905/200"", ""https://picsum.photos/id/906/200"", ""https://picsum.photos/id/907/200""]"
Down-sized modular database,700.37,https://picsum.photos/id/890/300,4,50% Off,False,True,True,Sports & Outdoors,6,Its almost benefit effort blue my about. New born school policy. Task natural decade use represent though.,Dark box college source use.,Ships in 2–5 business days.,30-day return policy,"For more help, contact our support team.","[""https://picsum.photos/id/890/200""]"
Future-proofed asynchronous approach,707.45,https://picsum.photos/id/116/300,5,20% Off,True,False,False,Footwear,23,Central government ever every man range. Hour meeting family particular subject argue. Today entire opportunity run east. Great light center safe face nothing.,Debate door cover fear pressure.,Ships in 2–5 business days.,30-day return policy,"For more help, contact our support team.","[""https://picsum.photos/id/116/200"", ""https://picsum.photos/id/117/200""]"
